{
  "language": "Русский",
  "code": "ru",
  "app": {
    "title": "Аннотатор YOLO",
    "subtitle": "Профессиональный инструмент аннотации",
    "branding": {
      "fablab": "FabLab TecMedHub",
      "university": "Южный университет Чили - Кампус Пуэрто-Монтт"
    }
  },
  "header": {
    "selectProject": "Выбрать проект...",
    "newProject": "Новый",
    "exportProject": "Экспорт полного проекта",
    "exportConfig": "Экспорт конфигурации",
    "importConfig": "Импорт конфигурации",
    "help": "Помощь"
  },
  "tools": {
    "title": "Инструменты",
    "bbox": "Рамка",
    "mask": "Маска",
    "select": "Выбрать",
    "pan": "Панорама",
    "tooltips": {
      "bbox": "Ограничительная рамка (B)",
      "mask": "Маска (M)",
      "select": "Выбрать (V)",
      "pan": "Панорама (H)"
    }
  },
  "classes": {
    "title": "Активные классы",
    "manage": "Управление классами",
    "add": "Добавить класс",
    "placeholder": "Название класса",
    "empty": "Сначала создайте проект",
    "deleteConfirm": "Есть аннотации с этим классом. Удалить в любом случае?",
    "exists": "Класс с таким названием уже существует",
    "enterName": "Введите название класса"
  },
  "images": {
    "title": "Загрузить изображение",
    "select": "Выбрать изображения",
    "upload": "Выбрать изображения",
    "noImages": "Нет изображений"
  },
  "actions": {
    "title": "Действия",
    "save": "Сохранить",
    "undo": "Отменить",
    "clear": "Очистить",
    "delete": "Удалить",
    "cancel": "Отмена",
    "create": "Создать",
    "confirm": "Подтвердить",
    "clearConfirm": "Очистить все аннотации с этого изображения?"
  },
  "shortcuts": {
    "title": "Горячие клавиши",
    "save": "Сохранить",
    "undo": "Отменить",
    "delete": "Удалить",
    "navigation": "Навигация",
    "bbox": "Рамка",
    "mask": "Маска",
    "select": "Выбрать",
    "pan": "Панорама",
    "classes": "Класс 1-9"
  },
  "canvas": {
    "zoomIn": "Увеличить",
    "zoomOut": "Уменьшить",
    "resetZoom": "Сброс масштаба",
    "toggleLabels": "Показать/Скрыть метки",
    "toggleGrid": "Показать/Скрыть сетку",
    "prevImage": "Предыдущее изображение (←)",
    "nextImage": "Следующее изображение (→)"
  },
  "stats": {
    "title": "Статистика",
    "images": "Изображения",
    "annotated": "Аннотировано",
    "labels": "Метки",
    "classes": "Классы",
    "progress": "изображений аннотировано"
  },
  "gallery": {
    "title": "Галерея",
    "all": "Все",
    "annotated": "Аннотированные",
    "unannotated": "Не аннотированные",
    "empty": "Нет изображений",
    "deleteConfirm": "Удалить это изображение?"
  },
  "export": {
    "title": "Экспорт",
    "downloadDataset": "Скачать набор данных ZIP",
    "downloadClasses": "Скачать classes.txt"
  },
  "project": {
    "new": "Новый проект",
    "name": "Название проекта",
    "namePlaceholder": "Мой проект YOLO",
    "type": "Тип аннотации",
    "typeBbox": "Ограничительная рамка",
    "typeMask": "Сегментация (Маска)",
    "initialClasses": "Начальные классы (необязательно)",
    "classesPlaceholder": "класс1, класс2, класс3",
    "classesHelp": "Разделенные запятыми. Можно добавить больше позже.",
    "enterName": "Введите название проекта",
    "created": "Проект \"{name}\" создан",
    "loaded": "Проект \"{name}\" загружен",
    "deleted": "Проект удален",
    "exported": "Проект экспортирован",
    "configExported": "Конфигурация экспортирована",
    "selectFirst": "Сначала выберите проект"
  },
  "notifications": {
    "imageSaved": "Изображение сохранено",
    "datasetDownloaded": "Набор данных загружен",
    "classesDownloaded": "classes.txt загружен",
    "noClasses": "Нет классов для загрузки",
    "noImages": "Нет изображений в проекте",
    "noAnnotations": "Нет аннотаций для загрузки",
    "appStarted": "Приложение запущено",
    "error": {
      "createProject": "Ошибка создания проекта",
      "loadProject": "Ошибка загрузки проекта",
      "updateProject": "Ошибка обновления проекта",
      "deleteProject": "Ошибка удаления проекта",
      "exportProject": "Ошибка экспорта проекта",
      "exportConfig": "Ошибка экспорта конфигурации",
      "importConfig": "Ошибка импорта конфигурации",
      "loadImage": "Ошибка загрузки изображения",
      "saveImage": "Ошибка сохранения изображения",
      "deleteImage": "Ошибка удаления изображения",
      "loadImages": "Ошибка загрузки изображений",
      "downloadDataset": "Ошибка загрузки набора данных",
      "initApp": "Ошибка запуска приложения"
    }
  },
  "tour": {
    "welcome": "Добро пожаловать в <strong>Аннотатор YOLO</strong>. Этот инструмент позволяет аннотировать изображения для обучения моделей YOLO.",
    "project": "Сначала создайте новый проект или выберите существующий. Каждый проект может быть типа <strong>Ограничительная рамка</strong> или <strong>Сегментация</strong>.",
    "tools": "Здесь вы найдете <strong>инструменты</strong> аннотации: Рамка для прямоугольников, Маска для рисуемых масок, Выбрать для редактирования и Панорама для перемещения вида.",
    "classes": "Определите свои <strong>классы</strong> аннотации. Каждый класс имеет название и цвет. Вы можете добавлять, редактировать или удалять классы.",
    "workspace": "Основная <strong>рабочая область</strong>. Здесь вы будете загружать изображения и создавать аннотации. Используйте мышь для рисования и колесико для масштабирования.",
    "management": "Панель управления, где вы увидите <strong>статистику</strong> проекта, <strong>галерею</strong> изображений и сможете <strong>экспортировать</strong> набор данных в формате YOLO.",
    "next": "Далее →",
    "prev": "← Назад",
    "done": "Готово!",
    "skip": "Пропустить"
  },
  "imageInfo": {
    "noName": "Без названия",
    "dimensions": "Размеры"
  }
}
