{
  "language": "中文",
  "code": "zh",
  "app": {
    "title": "YOLO标注工具",
    "subtitle": "专业标注工具",
    "branding": {
      "fablab": "FabLab TecMedHub",
      "university": "智利南方大学 - 蒙特港校区"
    }
  },
  "header": {
    "selectProject": "选择项目...",
    "newProject": "新建",
    "exportProject": "导出完整项目",
    "exportConfig": "导出配置",
    "importConfig": "导入配置",
    "help": "帮助"
  },
  "tools": {
    "title": "工具",
    "bbox": "框",
    "mask": "遮罩",
    "select": "选择",
    "pan": "平移",
    "tooltips": {
      "bbox": "边界框 (B)",
      "mask": "遮罩 (M)",
      "select": "选择 (V)",
      "pan": "平移 (H)"
    }
  },
  "classes": {
    "title": "活动类别",
    "manage": "管理类别",
    "add": "添加类别",
    "placeholder": "类别名称",
    "empty": "请先创建项目",
    "deleteConfirm": "此类别有标注。仍要删除吗？",
    "exists": "该名称的类别已存在",
    "enterName": "请输入类别名称"
  },
  "images": {
    "title": "加载图像",
    "select": "选择图像",
    "upload": "选择图像",
    "noImages": "没有图像"
  },
  "actions": {
    "title": "操作",
    "save": "保存",
    "undo": "撤销",
    "clear": "清除",
    "delete": "删除",
    "cancel": "取消",
    "create": "创建",
    "confirm": "确认",
    "clearConfirm": "清除此图像的所有标注？"
  },
  "shortcuts": {
    "title": "快捷键",
    "save": "保存",
    "undo": "撤销",
    "delete": "删除",
    "navigation": "导航",
    "bbox": "边界框",
    "mask": "遮罩",
    "select": "选择",
    "pan": "平移",
    "classes": "类别 1-9"
  },
  "canvas": {
    "zoomIn": "放大",
    "zoomOut": "缩小",
    "resetZoom": "重置缩放",
    "toggleLabels": "显示/隐藏标签",
    "toggleGrid": "显示/隐藏网格",
    "prevImage": "上一张图像 (←)",
    "nextImage": "下一张图像 (→)"
  },
  "stats": {
    "title": "统计",
    "images": "图像",
    "annotated": "已标注",
    "labels": "标签",
    "classes": "类别",
    "progress": "张已标注"
  },
  "gallery": {
    "title": "图库",
    "all": "全部",
    "annotated": "已标注",
    "unannotated": "未标注",
    "empty": "没有图像",
    "deleteConfirm": "删除此图像？"
  },
  "export": {
    "title": "导出",
    "downloadDataset": "下载数据集 ZIP",
    "downloadClasses": "下载 classes.txt"
  },
  "project": {
    "new": "新建项目",
    "name": "项目名称",
    "namePlaceholder": "我的YOLO项目",
    "type": "标注类型",
    "typeBbox": "边界框",
    "typeMask": "分割（遮罩）",
    "initialClasses": "初始类别（可选）",
    "classesPlaceholder": "类别1, 类别2, 类别3",
    "classesHelp": "用逗号分隔。之后可以添加更多。",
    "enterName": "请输入项目名称",
    "created": "项目 \"{name}\" 已创建",
    "loaded": "项目 \"{name}\" 已加载",
    "deleted": "项目已删除",
    "exported": "项目已导出",
    "configExported": "配置已导出",
    "selectFirst": "请先选择项目"
  },
  "notifications": {
    "imageSaved": "图像已保存",
    "datasetDownloaded": "数据集已下载",
    "classesDownloaded": "classes.txt已下载",
    "noClasses": "没有可下载的类别",
    "noImages": "项目中没有图像",
    "noAnnotations": "没有可下载的标注",
    "appStarted": "应用程序已启动",
    "error": {
      "createProject": "创建项目时出错",
      "loadProject": "加载项目时出错",
      "updateProject": "更新项目时出错",
      "deleteProject": "删除项目时出错",
      "exportProject": "导出项目时出错",
      "exportConfig": "导出配置时出错",
      "importConfig": "导入配置时出错",
      "loadImage": "加载图像时出错",
      "saveImage": "保存图像时出错",
      "deleteImage": "删除图像时出错",
      "loadImages": "加载图像时出错",
      "downloadDataset": "下载数据集时出错",
      "initApp": "启动应用程序时出错"
    }
  },
  "tour": {
    "welcome": "欢迎使用<strong>YOLO标注工具</strong>。此工具可让您标注图像以训练YOLO模型。",
    "project": "首先，创建一个新项目或选择现有项目。每个项目可以是<strong>边界框</strong>或<strong>分割</strong>类型。",
    "tools": "这里您会找到标注<strong>工具</strong>：框用于矩形，遮罩用于可绘制遮罩，选择用于编辑，平移用于移动视图。",
    "classes": "定义您的标注<strong>类别</strong>。每个类别都有名称和颜色。您可以添加、编辑或删除类别。",
    "workspace": "主<strong>工作区</strong>。在这里您将加载图像并创建标注。使用鼠标绘制，使用滚轮缩放。",
    "management": "管理面板，您将在这里看到项目<strong>统计</strong>、图像<strong>图库</strong>，并可以以YOLO格式<strong>导出</strong>数据集。",
    "next": "下一步 →",
    "prev": "← 上一步",
    "done": "完成！",
    "skip": "跳过"
  },
  "imageInfo": {
    "noName": "无名称",
    "dimensions": "尺寸"
  }
}
